START,n_0,C_min,Npred_0,CboundMin,Lambda_min,Jitter,JitterRatio,Status
13PR26,794942,0.399957,795793,0.000000,,7.929996,5.043596e-02,EXPECTED
13PR59D2,899852,0.359739,900869,0.000000,,7.262476,4.953393e-02,EXPECTED
13PR30,914521,0.354816,915911,0.000000,,7.180860,4.941135e-02,EXPECTED
13PR32,969901,0.337522,975967,0.000000,,6.866163,4.915729e-02,EXPECTED
13PR65D2,989564,0.331729,990989,0.000000,,6.795375,4.881688e-02,EXPECTED
13PR67D2,1015324,0.324493,1021019,0.000000,,6.654530,4.876272e-02,EXPECTED
