START,n_0,C_min,Npred_0,CboundMin,Lambda_min,Jitter,JitterRatio,Status
17PR3D2,778534,0.373632,780733,0.000000,,7.466364,5.004203e-02,EXPECTED
13PR26,794057,0.367263,795793,0.000000,,7.366449,4.985618e-02,EXPECTED
13PR27,823553,0.356127,825821,0.000000,,7.176432,4.962452e-02,EXPECTED
13PR28,855383,0.344555,855851,0.000000,,6.998424,4.923323e-02,EXPECTED
13PR59D2,898888,0.330289,900869,0.000000,,6.751472,4.892104e-02,EXPECTED
13PR30,913706,0.325640,915911,0.000000,,6.674013,4.879223e-02,EXPECTED
13PR32,969901,0.309487,975967,0.000000,,6.381335,4.849879e-02,EXPECTED
13PR65D2,989234,0.304424,990989,0.000000,,6.314281,4.821198e-02,EXPECTED
13PR67D2,1015153,0.297718,1021019,0.000000,,6.185491,4.813167e-02,EXPECTED
